<?xml version="1.0" encoding="UTF-8" standalone="yes"?>
<addon id="repository.naranjito" name="[COLOR lime]naranjito[/COLOR] Repo" version="1.0.1" provider-name="entretenimiento">
    <extension point="xbmc.addon.repository" name="naranjito">
        <info>https://raw.githubusercontent.com/brujotv/repositoriomatrix/refs/heads/main/repositorio/addons.xml</info>
        <checksum>https://raw.githubusercontent.com/brujotv/repositoriomatrix/refs/heads/main/repositorio/addons.xml.md5</checksum>
        <datadir zip="true">
            <dir minversion="21.0.0">https://github.com/brujotv/repositoriomatrix/main/repositorio/</dir>
        </datadir>
    </extension>
    <extension point="xbmc.addon.metadata">
        <summary>Repositorio para Mi</summary>
        <description></description>
        <disclaimer></disclaimer>
        <platform>all</platform>
    </extension>
</addon>
